data;token_01_dia;token_02_temp_media;token_03_temp_max;token_04_hora_max;token_05_temp_min;token_06_hora_min;token_07_graus_aquecimento;token_08_graus_resfriamento;token_09_chuva;token_10_vento_medio;token_11_vento_max;token_12_hora_vento_max;token_13_direcao;linha_original;sha256_relatorio
2024-01-01;01;25.5;31.5;11:35;17.8;00:35;0.0;7.2;12.0;7.7;45.4;09:18;66; 01   25.5   31.5  11:35   17.8  00:35    0.0    7.2   12.0    7.7   45.4  09:18     66;86e5a596405e3b675a00d3c1edde5844771f2f510a70ae58c28bf9971648ae5a
2024-01-02;02;26.3;32.2;09:20;22.0;17:51;0.0;7.9;0.0;10.2;37.8;15:21;355; 02   26.3   32.2  09:20   22.0  17:51    0.0    7.9    0.0   10.2   37.8  15:21    355;86e5a596405e3b675a00d3c1edde5844771f2f510a70ae58c28bf9971648ae5a
2024-01-03;03;25.4;32.8;11:51;19.3;23:06;0.0;7.0;0.0;8.6;45.4;01:00;68; 03   25.4   32.8  11:51   19.3  23:06    0.0    7.0    0.0    8.6   45.4  01:00     68;86e5a596405e3b675a00d3c1edde5844771f2f510a70ae58c28bf9971648ae5a
2024-01-04;04;24.8;30.0;07:37;20.6;00:00;0.0;6.4;0.3;7.8;41.8;23:28;32; 04   24.8   30.0  07:37   20.6  00:00    0.0    6.4    0.3    7.8   41.8  23:28     32;86e5a596405e3b675a00d3c1edde5844771f2f510a70ae58c28bf9971648ae5a
2024-01-05;05;22.9;28.8;07:52;19.9;23:43;0.0;4.6;5.7;13.1;42.8;08:54;294; 05   22.9   28.8  07:52   19.9  23:43    0.0    4.6    5.7   13.1   42.8  08:54    294;86e5a596405e3b675a00d3c1edde5844771f2f510a70ae58c28bf9971648ae5a
2024-01-06;06;22.0;26.8;06:29;19.7;19:28;0.0;3.7;15.3;8.4;50.0;11:37;201; 06   22.0   26.8  06:29   19.7  19:28    0.0    3.7   15.3    8.4   50.0  11:37    201;86e5a596405e3b675a00d3c1edde5844771f2f510a70ae58c28bf9971648ae5a
2024-01-07;07;20.4;25.6;08:59;16.6;22:51;0.0;2.0;0.0;10.0;31.7;14:19;157; 07   20.4   25.6  08:59   16.6  22:51    0.0    2.0    0.0   10.0   31.7  14:19    157;86e5a596405e3b675a00d3c1edde5844771f2f510a70ae58c28bf9971648ae5a
2024-01-08;08;24.1;30.6;10:27;16.6;00:02;0.0;5.8;0.0;8.4;39.2;23:21;272; 08   24.1   30.6  10:27   16.6  00:02    0.0    5.8    0.0    8.4   39.2  23:21    272;86e5a596405e3b675a00d3c1edde5844771f2f510a70ae58c28bf9971648ae5a
2024-01-09;09;23.6;28.0;12:52;19.6;01:40;0.0;5.3;0.0;17.4;47.9;01:21;283; 09   23.6   28.0  12:52   19.6  01:40    0.0    5.3    0.0   17.4   47.9  01:21    283;86e5a596405e3b675a00d3c1edde5844771f2f510a70ae58c28bf9971648ae5a
2024-01-10;10;26.7;31.2;09:52;21.6;00:24;0.0;8.4;0.0;11.2;31.7;06:55;304; 10   26.7   31.2  09:52   21.6  00:24    0.0    8.4    0.0   11.2   31.7  06:55    304;86e5a596405e3b675a00d3c1edde5844771f2f510a70ae58c28bf9971648ae5a
2024-01-11;11;26.5;32.0;10:13;21.1;22:28;0.0;8.2;0.0;9.2;57.6;14:59;279; 11   26.5   32.0  10:13   21.1  22:28    0.0    8.2    0.0    9.2   57.6  14:59    279;86e5a596405e3b675a00d3c1edde5844771f2f510a70ae58c28bf9971648ae5a
2024-01-12;12;26.2;32.3;09:24;18.3;18:25;0.0;7.8;3.0;7.0;61.2;16:46;318; 12   26.2   32.3  09:24   18.3  18:25    0.0    7.8    3.0    7.0   61.2  16:46    318;86e5a596405e3b675a00d3c1edde5844771f2f510a70ae58c28bf9971648ae5a
2024-01-13;13;23.4;31.5;10:20;18.5;20:50;0.0;5.1;13.8;13.9;62.3;18:07;289; 13   23.4   31.5  10:20   18.5  20:50    0.0    5.1   13.8   13.9   62.3  18:07    289;86e5a596405e3b675a00d3c1edde5844771f2f510a70ae58c28bf9971648ae5a
2024-01-14;14;22.2;27.5;09:34;18.5;00:45;0.0;3.9;2.7;9.0;39.2;15:37;280; 14   22.2   27.5  09:34   18.5  00:45    0.0    3.9    2.7    9.0   39.2  15:37    280;86e5a596405e3b675a00d3c1edde5844771f2f510a70ae58c28bf9971648ae5a
2024-01-15;15;21.0;27.8;10:00;17.1;20:15;0.0;2.7;0.3;12.2;39.2;09:57;188; 15   21.0   27.8  10:00   17.1  20:15    0.0    2.7    0.3   12.2   39.2  09:57    188;86e5a596405e3b675a00d3c1edde5844771f2f510a70ae58c28bf9971648ae5a
2025-11-18;18;47.0;47.0;14:54;47.0;14:54;0.0;28.7;0.0;146.9;182.5;14:54;338; 18   47.0   47.0  14:54   47.0  14:54    0.0   28.7    0.0  146.9  182.5  14:54    338;7fbd00e534063788a2df16aa04c61c8c713ab78a346ac36f6f015dff61094076
2026-03-14;14;25.4;27.2;12:38;23.3;19:38;0.0;7.1;0.0;3.8;18.4;14:01;261; 14   25.4   27.2  12:38   23.3  19:38    0.0    7.1    0.0    3.8   18.4  14:01    261;4632fed4d13d90ad86cc836250ddbfbc347ec49796190ee15f491fa6ffb3af53
2026-03-15;15;25.5;29.0;14:23;22.7;06:23;0.0;7.2;0.0;4.6;18.4;23:38;332; 15   25.5   29.0  14:23   22.7  06:23    0.0    7.2    0.0    4.6   18.4  23:38    332;4632fed4d13d90ad86cc836250ddbfbc347ec49796190ee15f491fa6ffb3af53
2026-03-16;16;25.9;28.6;15:02;22.6;23:34;0.0;7.6;0.0;9.3;35.6;22:09;113; 16   25.9   28.6  15:02   22.6  23:34    0.0    7.6    0.0    9.3   35.6  22:09    113;4632fed4d13d90ad86cc836250ddbfbc347ec49796190ee15f491fa6ffb3af53
2026-03-17;17;24.9;30.0;15:01;19.9;04:24;0.0;6.6;0.0;7.0;28.1;00:06;58; 17   24.9   30.0  15:01   19.9  04:24    0.0    6.6    0.0    7.0   28.1  00:06     58;4632fed4d13d90ad86cc836250ddbfbc347ec49796190ee15f491fa6ffb3af53
2026-03-18;18;21.1;24.5;11:09;19.3;08:02;0.0;2.8;0.9;9.9;42.8;07:55;306; 18   21.1   24.5  11:09   19.3  08:02    0.0    2.8    0.9    9.9   42.8  07:55    306;4632fed4d13d90ad86cc836250ddbfbc347ec49796190ee15f491fa6ffb3af53
2026-03-21;21;26.3;29.1;15:25;23.6;23:42;0.0;8.0;0.0;4.9;18.4;23:26;169; 21   26.3   29.1  15:25   23.6  23:42    0.0    8.0    0.0    4.9   18.4  23:26    169;4632fed4d13d90ad86cc836250ddbfbc347ec49796190ee15f491fa6ffb3af53
2026-03-22;22;25.4;29.0;15:13;22.7;01:29;0.0;7.1;0.0;6.5;20.9;00:14;124; 22   25.4   29.0  15:13   22.7  01:29    0.0    7.1    0.0    6.5   20.9  00:14    124;4632fed4d13d90ad86cc836250ddbfbc347ec49796190ee15f491fa6ffb3af53
2026-03-23;23;23.7;27.8;16:11;20.6;03:22;0.0;5.4;0.0;9.1;29.5;03:45;165; 23   23.7   27.8  16:11   20.6  03:22    0.0    5.4    0.0    9.1   29.5  03:45    165;4632fed4d13d90ad86cc836250ddbfbc347ec49796190ee15f491fa6ffb3af53
2026-03-24;24;23.0;27.8;15:11;18.3;06:57;0.0;4.7;0.0;6.6;22.0;22:03;147; 24   23.0   27.8  15:11   18.3  06:57    0.0    4.7    0.0    6.6   22.0  22:03    147;4632fed4d13d90ad86cc836250ddbfbc347ec49796190ee15f491fa6ffb3af53
2026-03-25;25;22.5;27.4;14:43;18.6;06:17;0.0;4.2;0.0;5.9;25.6;10:55;59; 25   22.5   27.4  14:43   18.6  06:17    0.0    4.2    0.0    5.9   25.6  10:55     59;4632fed4d13d90ad86cc836250ddbfbc347ec49796190ee15f491fa6ffb3af53
2026-03-26;26;23.4;26.9;11:46;20.5;04:38;0.0;5.1;1.5;5.8;25.6;22:11;86; 26   23.4   26.9  11:46   20.5  04:38    0.0    5.1    1.5    5.8   25.6  22:11     86;4632fed4d13d90ad86cc836250ddbfbc347ec49796190ee15f491fa6ffb3af53
2026-03-27;27;24.2;27.1;13:18;20.9;04:11;0.0;5.8;0.0;11.1;33.1;21:37;112; 27   24.2   27.1  13:18   20.9  04:11    0.0    5.8    0.0   11.1   33.1  21:37    112;4632fed4d13d90ad86cc836250ddbfbc347ec49796190ee15f491fa6ffb3af53
2026-03-28;28;22.8;28.1;14:30;18.9;02:56;0.0;4.5;0.0;8.2;36.7;21:27;146; 28   22.8   28.1  14:30   18.9  02:56    0.0    4.5    0.0    8.2   36.7  21:27    146;4632fed4d13d90ad86cc836250ddbfbc347ec49796190ee15f491fa6ffb3af53
2026-03-29;29;22.9;27.9;15:18;17.6;06:17;0.0;4.6;0.0;5.6;22.0;22:12;154; 29   22.9   27.9  15:18   17.6  06:17    0.0    4.6    0.0    5.6   22.0  22:12    154;4632fed4d13d90ad86cc836250ddbfbc347ec49796190ee15f491fa6ffb3af53
2026-03-30;30;23.4;28.0;16:20;18.5;05:22;0.0;5.1;0.0;6.4;33.1;20:08;179; 30   23.4   28.0  16:20   18.5  05:22    0.0    5.1    0.0    6.4   33.1  20:08    179;4632fed4d13d90ad86cc836250ddbfbc347ec49796190ee15f491fa6ffb3af53
2026-03-31;31;20.2;24.0;14:13;17.8;05:54;0.0;1.9;0.0;7.8;25.6;01:47;183; 31   20.2   24.0  14:13   17.8  05:54    0.0    1.9    0.0    7.8   25.6  01:47    183;4632fed4d13d90ad86cc836250ddbfbc347ec49796190ee15f491fa6ffb3af53
2026-04-01;01;21.2;27.0;14:28;17.3;03:10;0.0;2.9;4.2;4.9;28.1;23:51;53; 01   21.2   27.0  14:28   17.3  03:10    0.0    2.9    4.2    4.9   28.1  23:51     53;d6066e5da91bd060dd331b2954b88c2b6e8d03cb9ed61d6d860726bffb10c90d
2026-04-02;02;22.3;27.6;13:00;18.7;00:00;0.0;4.0;1.8;8.8;36.7;00:27;351; 02   22.3   27.6  13:00   18.7  00:00    0.0    4.0    1.8    8.8   36.7  00:27    351;d6066e5da91bd060dd331b2954b88c2b6e8d03cb9ed61d6d860726bffb10c90d
2026-04-03;03;23.6;28.1;14:05;19.8;06:31;0.0;5.3;5.7;6.8;31.7;05:07;351; 03   23.6   28.1  14:05   19.8  06:31    0.0    5.3    5.7    6.8   31.7  05:07    351;d6066e5da91bd060dd331b2954b88c2b6e8d03cb9ed61d6d860726bffb10c90d
2026-04-04;04;23.8;27.5;15:12;21.0;03:50;0.0;5.5;0.6;6.8;24.5;05:42;344; 04   23.8   27.5  15:12   21.0  03:50    0.0    5.5    0.6    6.8   24.5  05:42    344;d6066e5da91bd060dd331b2954b88c2b6e8d03cb9ed61d6d860726bffb10c90d
2026-04-05;05;24.0;27.2;13:35;20.6;01:18;0.0;5.6;0.0;9.5;42.8;21:23;142; 05   24.0   27.2  13:35   20.6  01:18    0.0    5.6    0.0    9.5   42.8  21:23    142;d6066e5da91bd060dd331b2954b88c2b6e8d03cb9ed61d6d860726bffb10c90d
2026-04-06;06;22.2;27.4;13:53;18.5;04:11;0.0;3.8;6.9;9.4;58.7;18:49;113; 06   22.2   27.4  13:53   18.5  04:11    0.0    3.8    6.9    9.4   58.7  18:49    113;d6066e5da91bd060dd331b2954b88c2b6e8d03cb9ed61d6d860726bffb10c90d
2026-04-07;07;22.2;27.3;15:38;18.7;06:15;0.0;3.9;0.9;6.7;33.1;23:32;360; 07   22.2   27.3  15:38   18.7  06:15    0.0    3.9    0.9    6.7   33.1  23:32    360;d6066e5da91bd060dd331b2954b88c2b6e8d03cb9ed61d6d860726bffb10c90d
2026-04-08;08;21.3;24.9;16:26;18.4;06:58;0.0;3.0;4.5;15.4;57.6;07:49;305; 08   21.3   24.9  16:26   18.4  06:58    0.0    3.0    4.5   15.4   57.6  07:49    305;d6066e5da91bd060dd331b2954b88c2b6e8d03cb9ed61d6d860726bffb10c90d
2026-04-09;09;22.2;26.0;13:25;19.1;23:55;0.0;3.9;1.5;7.8;24.5;14:37;281; 09   22.2   26.0  13:25   19.1  23:55    0.0    3.9    1.5    7.8   24.5  14:37    281;d6066e5da91bd060dd331b2954b88c2b6e8d03cb9ed61d6d860726bffb10c90d
2026-04-10;10;19.0;23.8;13:44;15.6;23:58;0.0;0.7;0.0;9.4;29.5;21:08;161; 10   19.0   23.8  13:44   15.6  23:58    0.0    0.7    0.0    9.4   29.5  21:08    161;d6066e5da91bd060dd331b2954b88c2b6e8d03cb9ed61d6d860726bffb10c90d
2026-04-11;11;18.8;24.8;16:13;14.3;06:06;0.0;0.4;0.0;14.3;36.7;19:12;147; 11   18.8   24.8  16:13   14.3  06:06    0.0    0.4    0.0   14.3   36.7  19:12    147;d6066e5da91bd060dd331b2954b88c2b6e8d03cb9ed61d6d860726bffb10c90d
2026-04-12;12;20.1;25.3;14:52;15.9;02:05;0.0;1.8;0.0;11.3;29.5;21:10;123; 12   20.1   25.3  14:52   15.9  02:05    0.0    1.8    0.0   11.3   29.5  21:10    123;d6066e5da91bd060dd331b2954b88c2b6e8d03cb9ed61d6d860726bffb10c90d
2026-04-13;13;21.1;24.9;15:37;16.5;05:02;0.0;2.8;0.0;6.0;24.5;22:41;140; 13   21.1   24.9  15:37   16.5  05:02    0.0    2.8    0.0    6.0   24.5  22:41    140;d6066e5da91bd060dd331b2954b88c2b6e8d03cb9ed61d6d860726bffb10c90d
2026-04-14;14;20.2;24.4;14:35;16.6;07:17;0.0;1.9;0.0;9.6;31.7;21:37;160; 14   20.2   24.4  14:35   16.6  07:17    0.0    1.9    0.0    9.6   31.7  21:37    160;d6066e5da91bd060dd331b2954b88c2b6e8d03cb9ed61d6d860726bffb10c90d
2026-04-15;15;20.1;25.5;13:50;14.8;05:25;0.0;1.8;0.0;8.0;24.5;12:54;141; 15   20.1   25.5  13:50   14.8  05:25    0.0    1.8    0.0    8.0   24.5  12:54    141;d6066e5da91bd060dd331b2954b88c2b6e8d03cb9ed61d6d860726bffb10c90d
2026-04-16;16;21.3;25.8;14:04;15.7;05:45;0.0;2.9;0.0;5.1;24.5;00:11;129; 16   21.3   25.8  14:04   15.7  05:45    0.0    2.9    0.0    5.1   24.5  00:11    129;d6066e5da91bd060dd331b2954b88c2b6e8d03cb9ed61d6d860726bffb10c90d
2026-04-17;17;24.2;27.9;13:51;21.3;04:17;0.0;5.8;0.0;6.9;20.9;21:12;311; 17   24.2   27.9  13:51   21.3  04:17    0.0    5.8    0.0    6.9   20.9  21:12    311;d6066e5da91bd060dd331b2954b88c2b6e8d03cb9ed61d6d860726bffb10c90d
2026-04-18;18;22.6;27.8;11:09;19.3;13:21;0.0;4.2;6.9;11.1;47.9;13:04;301; 18   22.6   27.8  11:09   19.3  13:21    0.0    4.2    6.9   11.1   47.9  13:04    301;d6066e5da91bd060dd331b2954b88c2b6e8d03cb9ed61d6d860726bffb10c90d
2026-04-19;19;21.8;26.0;14:27;17.3;04:40;0.0;3.5;0.0;8.8;40.3;21:49;159; 19   21.8   26.0  14:27   17.3  04:40    0.0    3.5    0.0    8.8   40.3  21:49    159;d6066e5da91bd060dd331b2954b88c2b6e8d03cb9ed61d6d860726bffb10c90d
2026-04-20;20;19.8;25.0;14:10;15.6;06:30;0.0;1.4;0.0;12.8;33.1;03:07;148; 20   19.8   25.0  14:10   15.6  06:30    0.0    1.4    0.0   12.8   33.1  03:07    148;d6066e5da91bd060dd331b2954b88c2b6e8d03cb9ed61d6d860726bffb10c90d
2026-04-21;21;18.6;24.4;15:42;13.5;05:36;0.0;0.3;0.0;11.3;35.6;01:36;153; 21   18.6   24.4  15:42   13.5  05:36    0.0    0.3    0.0   11.3   35.6  01:36    153;d6066e5da91bd060dd331b2954b88c2b6e8d03cb9ed61d6d860726bffb10c90d
2026-04-22;22;19.2;24.8;15:14;14.4;06:04;0.0;0.9;0.0;8.7;29.5;21:35;176; 22   19.2   24.8  15:14   14.4  06:04    0.0    0.9    0.0    8.7   29.5  21:35    176;d6066e5da91bd060dd331b2954b88c2b6e8d03cb9ed61d6d860726bffb10c90d
2026-04-23;23;19.8;25.5;15:14;15.6;06:10;0.0;1.4;0.0;9.4;33.1;20:34;152; 23   19.8   25.5  15:14   15.6  06:10    0.0    1.4    0.0    9.4   33.1  20:34    152;d6066e5da91bd060dd331b2954b88c2b6e8d03cb9ed61d6d860726bffb10c90d
2026-04-24;24;21.3;27.2;15:26;15.8;04:54;0.0;3.0;0.0;6.1;22.0;12:14;114; 24   21.3   27.2  15:26   15.8  04:54    0.0    3.0    0.0    6.1   22.0  12:14    114;d6066e5da91bd060dd331b2954b88c2b6e8d03cb9ed61d6d860726bffb10c90d
2026-04-25;25;24.1;28.2;15:37;21.0;06:26;0.0;5.7;0.0;11.4;28.1;10:45;312; 25   24.1   28.2  15:37   21.0  06:26    0.0    5.7    0.0   11.4   28.1  10:45    312;d6066e5da91bd060dd331b2954b88c2b6e8d03cb9ed61d6d860726bffb10c90d
2026-04-26;26;24.8;28.5;14:11;21.7;06:05;0.0;6.4;0.0;13.3;31.7;20:08;312; 26   24.8   28.5  14:11   21.7  06:05    0.0    6.4    0.0   13.3   31.7  20:08    312;d6066e5da91bd060dd331b2954b88c2b6e8d03cb9ed61d6d860726bffb10c90d
2026-04-27;27;23.4;27.5;14:59;19.3;22:38;0.0;5.1;4.8;13.7;50.0;07:22;309; 27   23.4   27.5  14:59   19.3  22:38    0.0    5.1    4.8   13.7   50.0  07:22    309;d6066e5da91bd060dd331b2954b88c2b6e8d03cb9ed61d6d860726bffb10c90d
2026-04-28;28;22.0;26.9;14:18;19.3;00:13;0.0;3.7;0.0;6.7;28.1;19:01;137; 28   22.0   26.9  14:18   19.3  00:13    0.0    3.7    0.0    6.7   28.1  19:01    137;d6066e5da91bd060dd331b2954b88c2b6e8d03cb9ed61d6d860726bffb10c90d
2026-04-29;29;22.1;26.1;15:11;17.4;22:35;0.0;3.8;0.0;7.0;25.6;18:14;125; 29   22.1   26.1  15:11   17.4  22:35    0.0    3.8    0.0    7.0   25.6  18:14    125;d6066e5da91bd060dd331b2954b88c2b6e8d03cb9ed61d6d860726bffb10c90d
2026-04-30;30;21.5;27.7;11:52;15.8;03:13;0.0;3.1;0.9;11.0;46.4;02:49;211; 30   21.5   27.7  11:52   15.8  03:13    0.0    3.1    0.9   11.0   46.4  02:49    211;d6066e5da91bd060dd331b2954b88c2b6e8d03cb9ed61d6d860726bffb10c90d
2026-05-01;01;21.7;27.9;13:41;16.7;06:33;0.0;3.3;0.0;10.7;28.1;02:17;113; 01   21.7   27.9  13:41   16.7  06:33    0.0    3.3    0.0   10.7   28.1  02:17    113;f260315cb5134395b52ebc5cf2121b1dc4cef62d38a357cf2b38621559ebefdf
2026-05-02;02;23.0;27.7;12:18;18.6;20:57;0.0;4.6;0.0;11.9;39.2;17:44;306; 02   23.0   27.7  12:18   18.6  20:57    0.0    4.6    0.0   11.9   39.2  17:44    306;f260315cb5134395b52ebc5cf2121b1dc4cef62d38a357cf2b38621559ebefdf
2026-05-03;03;18.0;23.9;02:26;13.8;23:41;0.4;0.0;0.0;15.3;42.8;02:43;153; 03   18.0   23.9  02:26   13.8  23:41    0.4    0.0    0.0   15.3   42.8  02:43    153;f260315cb5134395b52ebc5cf2121b1dc4cef62d38a357cf2b38621559ebefdf
2026-05-04;04;19.5;25.7;16:23;13.4;03:39;0.0;1.1;0.0;9.6;29.5;00:14;116; 04   19.5   25.7  16:23   13.4  03:39    0.0    1.1    0.0    9.6   29.5  00:14    116;f260315cb5134395b52ebc5cf2121b1dc4cef62d38a357cf2b38621559ebefdf
2026-05-05;05;24.1;27.5;12:00;21.0;03:20;0.0;5.7;0.0;7.4;24.5;05:10;70; 05   24.1   27.5  12:00   21.0  03:20    0.0    5.7    0.0    7.4   24.5  05:10     70;f260315cb5134395b52ebc5cf2121b1dc4cef62d38a357cf2b38621559ebefdf
2026-05-06;06;24.5;27.7;14:06;21.6;06:14;0.0;6.1;0.0;5.8;18.4;04:57;81; 06   24.5   27.7  14:06   21.6  06:14    0.0    6.1    0.0    5.8   18.4  04:57     81;f260315cb5134395b52ebc5cf2121b1dc4cef62d38a357cf2b38621559ebefdf
2026-05-07;07;23.9;27.4;13:02;20.3;06:38;0.0;5.6;0.0;8.9;31.7;12:48;37; 07   23.9   27.4  13:02   20.3  06:38    0.0    5.6    0.0    8.9   31.7  12:48     37;f260315cb5134395b52ebc5cf2121b1dc4cef62d38a357cf2b38621559ebefdf
2026-05-08;08;23.7;27.1;14:10;20.9;06:47;0.0;5.4;0.0;16.1;51.5;12:53;354; 08   23.7   27.1  14:10   20.9  06:47    0.0    5.4    0.0   16.1   51.5  12:53    354;f260315cb5134395b52ebc5cf2121b1dc4cef62d38a357cf2b38621559ebefdf
2026-05-09;09;22.8;27.0;13:50;16.7;23:35;0.0;4.4;0.0;12.5;42.8;02:17;337; 09   22.8   27.0  13:50   16.7  23:35    0.0    4.4    0.0   12.5   42.8  02:17    337;f260315cb5134395b52ebc5cf2121b1dc4cef62d38a357cf2b38621559ebefdf
2026-05-10;10;15.2;19.3;11:43;10.9;23:40;3.1;0.0;10.2;6.6;33.1;16:21;270; 10   15.2   19.3  11:43   10.9  23:40    3.1    0.0   10.2    6.6   33.1  16:21    270;f260315cb5134395b52ebc5cf2121b1dc4cef62d38a357cf2b38621559ebefdf
2026-05-11;11;10.8;13.9;16:59;8.0;03:54;7.5;0.0;0.0;6.3;18.4;00:09;236; 11   10.8   13.9  16:59    8.0  03:54    7.5    0.0    0.0    6.3   18.4  00:09    236;f260315cb5134395b52ebc5cf2121b1dc4cef62d38a357cf2b38621559ebefdf
2026-05-12;12;14.3;18.9;16:13;9.7;03:48;4.0;0.0;0.0;8.5;25.6;03:07;162; 12   14.3   18.9  16:13    9.7  03:48    4.0    0.0    0.0    8.5   25.6  03:07    162;f260315cb5134395b52ebc5cf2121b1dc4cef62d38a357cf2b38621559ebefdf
2026-05-13;13;19.1;23.1;15:46;15.7;03:04;0.0;0.8;0.0;2.8;14.8;13:56;147; 13   19.1   23.1  15:46   15.7  03:04    0.0    0.8    0.0    2.8   14.8  13:56    147;f260315cb5134395b52ebc5cf2121b1dc4cef62d38a357cf2b38621559ebefdf
2026-05-14;14;20.4;23.6;14:10;17.8;02:15;0.0;2.1;0.0;6.5;20.9;23:21;289; 14   20.4   23.6  14:10   17.8  02:15    0.0    2.1    0.0    6.5   20.9  23:21    289;f260315cb5134395b52ebc5cf2121b1dc4cef62d38a357cf2b38621559ebefdf
2026-05-15;15;17.5;20.2;00:39;15.8;09:38;0.8;0.0;10.2;6.3;20.9;20:46;314; 15   17.5   20.2  00:39   15.8  09:38    0.8    0.0   10.2    6.3   20.9  20:46    314;f260315cb5134395b52ebc5cf2121b1dc4cef62d38a357cf2b38621559ebefdf
2026-05-16;16;20.4;23.3;09:29;17.0;00:10;0.0;2.0;3.0;5.3;24.5;16:43;0; 16   20.4   23.3  09:29   17.0  00:10    0.0    2.0    3.0    5.3   24.5  16:43      0;f260315cb5134395b52ebc5cf2121b1dc4cef62d38a357cf2b38621559ebefdf
2026-05-17;17;17.6;20.7;00:00;14.9;16:42;0.7;0.0;48.0;10.9;58.7;14:38;287; 17   17.6   20.7  00:00   14.9  16:42    0.7    0.0   48.0   10.9   58.7  14:38    287;f260315cb5134395b52ebc5cf2121b1dc4cef62d38a357cf2b38621559ebefdf
2026-05-18;18;17.4;19.7;10:45;15.3;02:56;0.9;0.0;2.4;6.0;39.2;01:04;277; 18   17.4   19.7  10:45   15.3  02:56    0.9    0.0    2.4    6.0   39.2  01:04    277;f260315cb5134395b52ebc5cf2121b1dc4cef62d38a357cf2b38621559ebefdf
2026-05-19;19;15.3;16.3;12:20;14.2;08:18;3.0;0.0;1.5;6.4;20.9;15:41;218; 19   15.3   16.3  12:20   14.2  08:18    3.0    0.0    1.5    6.4   20.9  15:41    218;f260315cb5134395b52ebc5cf2121b1dc4cef62d38a357cf2b38621559ebefdf
2026-05-20;20;16.4;18.7;15:58;14.2;08:37;2.0;0.0;3.0;5.9;22.0;08:29;247; 20   16.4   18.7  15:58   14.2  08:37    2.0    0.0    3.0    5.9   22.0  08:29    247;f260315cb5134395b52ebc5cf2121b1dc4cef62d38a357cf2b38621559ebefdf
2026-05-21;21;15.3;19.2;14:59;12.2;22:51;3.1;0.0;0.0;10.4;33.1;18:58;160; 21   15.3   19.2  14:59   12.2  22:51    3.1    0.0    0.0   10.4   33.1  18:58    160;f260315cb5134395b52ebc5cf2121b1dc4cef62d38a357cf2b38621559ebefdf
2026-05-22;22;14.9;19.1;13:27;12.0;07:03;3.5;0.0;0.0;12.0;29.5;01:22;155; 22   14.9   19.1  13:27   12.0  07:03    3.5    0.0    0.0   12.0   29.5  01:22    155;f260315cb5134395b52ebc5cf2121b1dc4cef62d38a357cf2b38621559ebefdf
2026-05-23;23;16.2;18.8;14:32;13.4;03:28;2.1;0.0;60.0;6.5;35.6;06:36;345; 23   16.2   18.8  14:32   13.4  03:28    2.1    0.0   60.0    6.5   35.6  06:36    345;f260315cb5134395b52ebc5cf2121b1dc4cef62d38a357cf2b38621559ebefdf
2026-05-24;24;19.6;23.4;13:47;15.9;02:28;0.0;1.3;1.5;5.3;22.0;11:59;34; 24   19.6   23.4  13:47   15.9  02:28    0.0    1.3    1.5    5.3   22.0  11:59     34;f260315cb5134395b52ebc5cf2121b1dc4cef62d38a357cf2b38621559ebefdf
2026-05-25;25;18.2;21.7;14:07;15.8;06:54;0.2;0.0;0.3;6.3;20.9;05:27;165; 25   18.2   21.7  14:07   15.8  06:54    0.2    0.0    0.3    6.3   20.9  05:27    165;f260315cb5134395b52ebc5cf2121b1dc4cef62d38a357cf2b38621559ebefdf
2026-05-26;26;20.4;24.3;16:28;16.4;09:09;0.0;2.1;0.0;5.8;20.9;18:48;342; 26   20.4   24.3  16:28   16.4  09:09    0.0    2.1    0.0    5.8   20.9  18:48    342;f260315cb5134395b52ebc5cf2121b1dc4cef62d38a357cf2b38621559ebefdf
2026-05-27;27;21.1;25.2;14:43;16.0;23:58;0.0;2.7;0.0;6.0;24.5;20:24;218; 27   21.1   25.2  14:43   16.0  23:58    0.0    2.7    0.0    6.0   24.5  20:24    218;f260315cb5134395b52ebc5cf2121b1dc4cef62d38a357cf2b38621559ebefdf
2026-05-28;28;15.7;19.4;15:33;12.4;06:48;2.7;0.0;0.0;12.3;33.1;08:41;159; 28   15.7   19.4  15:33   12.4  06:48    2.7    0.0    0.0   12.3   33.1  08:41    159;f260315cb5134395b52ebc5cf2121b1dc4cef62d38a357cf2b38621559ebefdf
2026-05-29;29;15.3;19.7;15:40;11.5;06:20;3.1;0.0;0.0;10.6;28.1;08:29;155; 29   15.3   19.7  15:40   11.5  06:20    3.1    0.0    0.0   10.6   28.1  08:29    155;f260315cb5134395b52ebc5cf2121b1dc4cef62d38a357cf2b38621559ebefdf
2026-05-30;30;16.2;21.9;14:02;12.1;03:12;2.1;0.0;0.0;6.8;29.5;02:59;263; 30   16.2   21.9  14:02   12.1  03:12    2.1    0.0    0.0    6.8   29.5  02:59    263;f260315cb5134395b52ebc5cf2121b1dc4cef62d38a357cf2b38621559ebefdf
2026-05-31;31;15.8;19.5;14:22;12.3;05:51;2.5;0.0;0.0;8.3;25.6;03:19;196; 31   15.8   19.5  14:22   12.3  05:51    2.5    0.0    0.0    8.3   25.6  03:19    196;f260315cb5134395b52ebc5cf2121b1dc4cef62d38a357cf2b38621559ebefdf
2026-06-01;01;15.6;18.6;15:48;12.7;23:58;2.7;0.0;0.0;8.7;36.7;21:07;176; 01   15.6   18.6  15:48   12.7  23:58    2.7    0.0    0.0    8.7   36.7  21:07    176;3eb3b65d7bb594ec97307b145220e9a3b21751ac2f8e1306c424674196dc94f1
2026-06-02;02;14.1;18.7;15:18;10.7;04:00;4.2;0.0;0.0;13.7;39.2;19:26;157; 02   14.1   18.7  15:18   10.7  04:00    4.2    0.0    0.0   13.7   39.2  19:26    157;3eb3b65d7bb594ec97307b145220e9a3b21751ac2f8e1306c424674196dc94f1
2026-06-03;03;15.4;20.3;15:49;11.8;03:18;2.9;0.0;0.0;14.7;36.7;18:57;145; 03   15.4   20.3  15:49   11.8  03:18    2.9    0.0    0.0   14.7   36.7  18:57    145;3eb3b65d7bb594ec97307b145220e9a3b21751ac2f8e1306c424674196dc94f1
2026-06-04;04;15.9;20.5;15:36;12.5;05:12;2.4;0.0;0.0;14.4;42.8;19:02;144; 04   15.9   20.5  15:36   12.5  05:12    2.4    0.0    0.0   14.4   42.8  19:02    144;3eb3b65d7bb594ec97307b145220e9a3b21751ac2f8e1306c424674196dc94f1
2026-06-05;05;15.5;20.5;15:00;12.8;06:12;2.8;0.0;0.0;9.8;29.5;19:58;146; 05   15.5   20.5  15:00   12.8  06:12    2.8    0.0    0.0    9.8   29.5  19:58    146;3eb3b65d7bb594ec97307b145220e9a3b21751ac2f8e1306c424674196dc94f1
2026-06-06;06;16.1;20.3;13:49;11.4;05:30;2.2;0.0;0.0;7.1;20.9;14:03;229; 06   16.1   20.3  13:49   11.4  05:30    2.2    0.0    0.0    7.1   20.9  14:03    229;3eb3b65d7bb594ec97307b145220e9a3b21751ac2f8e1306c424674196dc94f1
2026-06-07;07;17.1;20.6;13:27;14.0;06:08;1.2;0.0;0.0;5.5;20.9;11:03;147; 07   17.1   20.6  13:27   14.0  06:08    1.2    0.0    0.0    5.5   20.9  11:03    147;3eb3b65d7bb594ec97307b145220e9a3b21751ac2f8e1306c424674196dc94f1
2026-06-08;08;18.5;23.4;13:23;15.2;05:07;0.0;0.2;0.0;7.9;25.6;20:27;117; 08   18.5   23.4  13:23   15.2  05:07    0.0    0.2    0.0    7.9   25.6  20:27    117;3eb3b65d7bb594ec97307b145220e9a3b21751ac2f8e1306c424674196dc94f1
2026-06-09;09;19.3;22.8;15:14;16.8;05:29;0.0;1.0;0.0;6.8;22.0;12:16;295; 09   19.3   22.8  15:14   16.8  05:29    0.0    1.0    0.0    6.8   22.0  12:16    295;3eb3b65d7bb594ec97307b145220e9a3b21751ac2f8e1306c424674196dc94f1
2026-06-10;10;18.1;21.4;14:44;13.9;23:58;0.2;0.0;1.5;7.3;25.6;18:52;165; 10   18.1   21.4  14:44   13.9  23:58    0.2    0.0    1.5    7.3   25.6  18:52    165;3eb3b65d7bb594ec97307b145220e9a3b21751ac2f8e1306c424674196dc94f1
2026-06-11;11;16.7;20.6;15:24;13.8;00:18;1.6;0.0;11.1;7.0;29.5;12:02;311; 11   16.7   20.6  15:24   13.8  00:18    1.6    0.0   11.1    7.0   29.5  12:02    311;3eb3b65d7bb594ec97307b145220e9a3b21751ac2f8e1306c424674196dc94f1
2026-06-12;12;18.5;20.5;12:55;15.2;07:39;0.0;0.1;5.4;15.3;54.0;10:26;332; 12   18.5   20.5  12:55   15.2  07:39    0.0    0.1    5.4   15.3   54.0  10:26    332;3eb3b65d7bb594ec97307b145220e9a3b21751ac2f8e1306c424674196dc94f1
2026-06-13;13;17.2;20.8;13:39;15.2;02:59;1.2;0.0;11.4;19.6;50.0;02:54;316; 13   17.2   20.8  13:39   15.2  02:59    1.2    0.0   11.4   19.6   50.0  02:54    316;3eb3b65d7bb594ec97307b145220e9a3b21751ac2f8e1306c424674196dc94f1
2026-06-14;14;16.6;18.1;13:59;15.6;04:00;1.8;0.0;0.6;6.0;40.3;20:32;328; 14   16.6   18.1  13:59   15.6  04:00    1.8    0.0    0.6    6.0   40.3  20:32    328;3eb3b65d7bb594ec97307b145220e9a3b21751ac2f8e1306c424674196dc94f1
2026-06-15;15;16.2;18.2;12:39;13.6;23:33;2.2;0.0;19.2;5.1;28.1;18:36;265; 15   16.2   18.2  12:39   13.6  23:33    2.2    0.0   19.2    5.1   28.1  18:36    265;3eb3b65d7bb594ec97307b145220e9a3b21751ac2f8e1306c424674196dc94f1
2026-06-16;16;14.1;16.5;16:52;13.0;06:10;4.3;0.0;0.0;6.7;18.4;01:54;184; 16   14.1   16.5  16:52   13.0  06:10    4.3    0.0    0.0    6.7   18.4  01:54    184;3eb3b65d7bb594ec97307b145220e9a3b21751ac2f8e1306c424674196dc94f1
2026-06-17;17;14.0;16.8;15:49;11.8;06:49;4.3;0.0;0.0;7.4;33.1;23:24;177; 17   14.0   16.8  15:49   11.8  06:49    4.3    0.0    0.0    7.4   33.1  23:24    177;3eb3b65d7bb594ec97307b145220e9a3b21751ac2f8e1306c424674196dc94f1
2026-06-18;18;13.3;17.7;15:35;9.2;06:53;5.0;0.0;0.0;17.4;43.9;06:27;126; 18   13.3   17.7  15:35    9.2  06:53    5.0    0.0    0.0   17.4   43.9  06:27    126;3eb3b65d7bb594ec97307b145220e9a3b21751ac2f8e1306c424674196dc94f1
2026-06-19;19;19.3;24.6;13:36;12.9;00:20;0.0;0.9;0.0;9.5;29.5;06:26;25; 19   19.3   24.6  13:36   12.9  00:20    0.0    0.9    0.0    9.5   29.5  06:26     25;3eb3b65d7bb594ec97307b145220e9a3b21751ac2f8e1306c424674196dc94f1
2026-06-20;20;18.5;21.6;00:00;12.9;23:58;0.0;0.1;1.2;12.6;43.9;05:59;324; 20   18.5   21.6  00:00   12.9  23:58    0.0    0.1    1.2   12.6   43.9  05:59    324;3eb3b65d7bb594ec97307b145220e9a3b21751ac2f8e1306c424674196dc94f1
2026-06-21;21;14.7;20.3;16:37;10.5;04:36;3.6;0.0;0.0;5.2;22.0;01:00;336; 21   14.7   20.3  16:37   10.5  04:36    3.6    0.0    0.0    5.2   22.0  01:00    336;3eb3b65d7bb594ec97307b145220e9a3b21751ac2f8e1306c424674196dc94f1
2026-06-22;22;22.0;26.0;12:44;17.1;01:10;0.0;3.7;0.0;13.1;50.0;22:53;339; 22   22.0   26.0  12:44   17.1  01:10    0.0    3.7    0.0   13.1   50.0  22:53    339;3eb3b65d7bb594ec97307b145220e9a3b21751ac2f8e1306c424674196dc94f1
2026-06-23;23;17.8;21.2;00:00;14.9;23:58;0.5;0.0;60.3;14.1;43.9;15:35;313; 23   17.8   21.2  00:00   14.9  23:58    0.5    0.0   60.3   14.1   43.9  15:35    313;3eb3b65d7bb594ec97307b145220e9a3b21751ac2f8e1306c424674196dc94f1
2026-06-24;24;12.2;15.2;10:48;9.8;23:30;6.1;0.0;23.1;7.1;57.6;07:49;277; 24   12.2   15.2  10:48    9.8  23:30    6.1    0.0   23.1    7.1   57.6  07:49    277;3eb3b65d7bb594ec97307b145220e9a3b21751ac2f8e1306c424674196dc94f1
2026-06-25;25;11.0;12.3;17:49;9.5;00:25;7.4;0.0;1.5;7.4;22.0;06:06;174; 25   11.0   12.3  17:49    9.5  00:25    7.4    0.0    1.5    7.4   22.0  06:06    174;3eb3b65d7bb594ec97307b145220e9a3b21751ac2f8e1306c424674196dc94f1
2026-06-26;26;14.6;18.6;22:02;11.3;00:04;3.7;0.0;0.0;5.2;20.9;21:59;68; 26   14.6   18.6  22:02   11.3  00:04    3.7    0.0    0.0    5.2   20.9  21:59     68;3eb3b65d7bb594ec97307b145220e9a3b21751ac2f8e1306c424674196dc94f1
2026-06-27;27;20.1;23.5;14:22;16.5;06:00;0.0;1.7;0.0;7.8;22.0;10:33;86; 27   20.1   23.5  14:22   16.5  06:00    0.0    1.7    0.0    7.8   22.0  10:33     86;3eb3b65d7bb594ec97307b145220e9a3b21751ac2f8e1306c424674196dc94f1
2026-06-28;28;21.7;25.9;14:29;18.7;06:23;0.0;3.4;0.0;8.2;33.1;08:55;37; 28   21.7   25.9  14:29   18.7  06:23    0.0    3.4    0.0    8.2   33.1  08:55     37;3eb3b65d7bb594ec97307b145220e9a3b21751ac2f8e1306c424674196dc94f1
2026-06-29;29;22.7;26.1;13:42;19.7;04:33;0.0;4.4;0.0;9.2;36.7;06:29;344; 29   22.7   26.1  13:42   19.7  04:33    0.0    4.4    0.0    9.2   36.7  06:29    344;3eb3b65d7bb594ec97307b145220e9a3b21751ac2f8e1306c424674196dc94f1
2026-06-30;30;22.0;25.3;12:41;19.6;05:38;0.0;3.7;0.0;7.8;33.1;23:55;27; 30   22.0   25.3  12:41   19.6  05:38    0.0    3.7    0.0    7.8   33.1  23:55     27;3eb3b65d7bb594ec97307b145220e9a3b21751ac2f8e1306c424674196dc94f1
2026-07-01;01;22.3;25.5;15:32;20.0;00:58;0.0;4.0;0.0;10.0;43.9;02:51;17; 01   22.3   25.5  15:32   20.0  00:58    0.0    4.0    0.0   10.0   43.9  02:51     17;3dbed56bf9f7549307d601c2ab89b190ca5286512aa5ce8ea4149d71f963117c
2026-07-02;02;22.3;26.0;13:05;20.4;05:03;0.0;4.0;0.0;9.5;31.7;06:20;331; 02   22.3   26.0  13:05   20.4  05:03    0.0    4.0    0.0    9.5   31.7  06:20    331;3dbed56bf9f7549307d601c2ab89b190ca5286512aa5ce8ea4149d71f963117c
2026-07-03;03;21.3;23.7;14:23;17.2;23:59;0.0;3.0;0.0;5.5;18.4;12:39;261; 03   21.3   23.7  14:23   17.2  23:59    0.0    3.0    0.0    5.5   18.4  12:39    261;3dbed56bf9f7549307d601c2ab89b190ca5286512aa5ce8ea4149d71f963117c
2026-07-04;04;16.8;21.3;16:00;13.5;05:31;1.5;0.0;0.0;4.8;25.6;20:08;170; 04   16.8   21.3  16:00   13.5  05:31    1.5    0.0    0.0    4.8   25.6  20:08    170;3dbed56bf9f7549307d601c2ab89b190ca5286512aa5ce8ea4149d71f963117c
2026-07-05;05;14.9;20.1;15:59;10.9;07:18;3.4;0.0;0.3;3.4;14.8;07:11;119; 05   14.9   20.1  15:59   10.9  07:18    3.4    0.0    0.3    3.4   14.8  07:11    119;3dbed56bf9f7549307d601c2ab89b190ca5286512aa5ce8ea4149d71f963117c
2026-07-06;06;18.8;22.7;14:23;15.1;00:38;0.0;0.4;0.0;4.1;22.0;15:42;298; 06   18.8   22.7  14:23   15.1  00:38    0.0    0.4    0.0    4.1   22.0  15:42    298;3dbed56bf9f7549307d601c2ab89b190ca5286512aa5ce8ea4149d71f963117c
2026-07-07;07;18.8;23.0;13:33;15.6;23:56;0.0;0.4;0.0;8.9;29.5;07:20;284; 07   18.8   23.0  13:33   15.6  23:56    0.0    0.4    0.0    8.9   29.5  07:20    284;3dbed56bf9f7549307d601c2ab89b190ca5286512aa5ce8ea4149d71f963117c
2026-07-08;08;14.8;19.1;15:43;11.9;07:55;3.5;0.0;0.0;2.8;14.8;20:42;111; 08   14.8   19.1  15:43   11.9  07:55    3.5    0.0    0.0    2.8   14.8  20:42    111;3dbed56bf9f7549307d601c2ab89b190ca5286512aa5ce8ea4149d71f963117c
2026-07-09;09;17.2;21.1;14:01;12.4;05:16;1.2;0.0;0.0;4.3;18.4;17:23;175; 09   17.2   21.1  14:01   12.4  05:16    1.2    0.0    0.0    4.3   18.4  17:23    175;3dbed56bf9f7549307d601c2ab89b190ca5286512aa5ce8ea4149d71f963117c
2026-07-10;10;20.0;24.1;15:48;16.0;02:35;0.0;1.7;0.0;4.5;24.5;12:16;327; 10   20.0   24.1  15:48   16.0  02:35    0.0    1.7    0.0    4.5   24.5  12:16    327;3dbed56bf9f7549307d601c2ab89b190ca5286512aa5ce8ea4149d71f963117c
2026-07-11;11;22.2;26.4;14:13;16.3;23:58;0.0;3.9;0.0;10.6;51.5;23:51;330; 11   22.2   26.4  14:13   16.3  23:58    0.0    3.9    0.0   10.6   51.5  23:51    330;3dbed56bf9f7549307d601c2ab89b190ca5286512aa5ce8ea4149d71f963117c
2026-07-12;12;18.0;22.1;14:37;14.1;23:45;0.4;0.0;11.1;10.9;79.6;02:43;286; 12   18.0   22.1  14:37   14.1  23:45    0.4    0.0   11.1   10.9   79.6  02:43    286;3dbed56bf9f7549307d601c2ab89b190ca5286512aa5ce8ea4149d71f963117c
2026-07-13;13;12.0;16.1;13:56;8.2;23:58;6.3;0.0;0.0;11.7;40.3;23:13;183; 13   12.0   16.1  13:56    8.2  23:58    6.3    0.0    0.0   11.7   40.3  23:13    183;3dbed56bf9f7549307d601c2ab89b190ca5286512aa5ce8ea4149d71f963117c
2026-07-14;14;11.9;16.8;16:27;6.9;05:16;6.4;0.0;0.0;20.3;50.0;09:17;131; 14   11.9   16.8  16:27    6.9  05:16    6.4    0.0    0.0   20.3   50.0  09:17    131;3dbed56bf9f7549307d601c2ab89b190ca5286512aa5ce8ea4149d71f963117c
2026-07-15;15;15.3;20.1;14:11;10.3;03:11;3.0;0.0;0.0;11.2;28.1;22:42;93; 15   15.3   20.1  14:11   10.3  03:11    3.0    0.0    0.0   11.2   28.1  22:42     93;3dbed56bf9f7549307d601c2ab89b190ca5286512aa5ce8ea4149d71f963117c
2026-07-16;16;19.2;22.9;15:26;16.1;06:40;0.0;0.9;0.0;10.0;39.2;22:41;43; 16   19.2   22.9  15:26   16.1  06:40    0.0    0.9    0.0   10.0   39.2  22:41     43;3dbed56bf9f7549307d601c2ab89b190ca5286512aa5ce8ea4149d71f963117c
2026-07-17;17;18.8;22.1;13:44;15.8;07:08;0.0;0.4;0.0;12.2;43.9;22:17;16; 17   18.8   22.1  13:44   15.8  07:08    0.0    0.4    0.0   12.2   43.9  22:17     16;3dbed56bf9f7549307d601c2ab89b190ca5286512aa5ce8ea4149d71f963117c
2026-07-18;18;18.5;22.3;14:35;14.4;06:53;0.0;0.2;0.0;10.9;47.9;02:42;26; 18   18.5   22.3  14:35   14.4  06:53    0.0    0.2    0.0   10.9   47.9  02:42     26;3dbed56bf9f7549307d601c2ab89b190ca5286512aa5ce8ea4149d71f963117c
2026-07-19;19;20.1;24.2;15:17;16.3;03:16;0.0;1.8;0.0;8.6;55.1;09:54;38; 19   20.1   24.2  15:17   16.3  03:16    0.0    1.8    0.0    8.6   55.1  09:54     38;3dbed56bf9f7549307d601c2ab89b190ca5286512aa5ce8ea4149d71f963117c
2026-07-20;20;21.8;26.0;14:35;17.9;06:22;0.0;3.5;0.0;9.8;36.7;06:09;356; 20   21.8   26.0  14:35   17.9  06:22    0.0    3.5    0.0    9.8   36.7  06:09    356;3dbed56bf9f7549307d601c2ab89b190ca5286512aa5ce8ea4149d71f963117c
2026-07-21;21;22.5;25.9;13:28;19.9;04:30;0.0;4.2;0.0;10.2;31.7;09:05;355; 21   22.5   25.9  13:28   19.9  04:30    0.0    4.2    0.0   10.2   31.7  09:05    355;3dbed56bf9f7549307d601c2ab89b190ca5286512aa5ce8ea4149d71f963117c
2026-07-22;22;21.6;26.7;14:25;13.8;23:53;0.0;3.3;0.0;12.1;50.0;19:36;318; 22   21.6   26.7  14:25   13.8  23:53    0.0    3.3    0.0   12.1   50.0  19:36    318;3dbed56bf9f7549307d601c2ab89b190ca5286512aa5ce8ea4149d71f963117c
2026-07-23;23;17.0;21.6;12:22;13.0;23:35;1.3;0.0;0.6;11.4;47.9;01:05;243; 23   17.0   21.6  12:22   13.0  23:35    1.3    0.0    0.6   11.4   47.9  01:05    243;3dbed56bf9f7549307d601c2ab89b190ca5286512aa5ce8ea4149d71f963117c
2026-07-24;24;13.8;17.2;07:52;12.5;03:10;4.5;0.0;26.4;10.8;33.1;05:44;266; 24   13.8   17.2  07:52   12.5  03:10    4.5    0.0   26.4   10.8   33.1  05:44    266;3dbed56bf9f7549307d601c2ab89b190ca5286512aa5ce8ea4149d71f963117c
2026-07-25;25;15.4;19.8;09:09;13.4;01:06;2.9;0.0;23.1;11.1;55.1;06:48;285; 25   15.4   19.8  09:09   13.4  01:06    2.9    0.0   23.1   11.1   55.1  06:48    285;3dbed56bf9f7549307d601c2ab89b190ca5286512aa5ce8ea4149d71f963117c
2026-07-26;26;14.6;23.6;12:17;12.9;06:39;3.7;0.0;0.0;11.2;28.1;06:17;128; 26   14.6   23.6  12:17   12.9  06:39    3.7    0.0    0.0   11.2   28.1  06:17    128;3dbed56bf9f7549307d601c2ab89b190ca5286512aa5ce8ea4149d71f963117c
2026-08-01;01;22.9;25.4;14:26;19.9;23:40;0.0;4.5;0.0;6.3;29.5;23:57;28; 01   22.9   25.4  14:26   19.9  23:40    0.0    4.5    0.0    6.3   29.5  23:57     28;072f556884c6c03a2b380bc5db9ed2760077f471d2c2e602e49a51a381661f15
2026-08-02;02;22.1;25.7;15:12;19.5;05:44;0.0;3.8;0.0;8.5;29.5;06:25;56; 02   22.1   25.7  15:12   19.5  05:44    0.0    3.8    0.0    8.5   29.5  06:25     56;072f556884c6c03a2b380bc5db9ed2760077f471d2c2e602e49a51a381661f15
2026-08-03;03;20.5;22.9;16:00;17.8;03:17;0.0;2.2;0.0;8.6;29.5;00:52;97; 03   20.5   22.9  16:00   17.8  03:17    0.0    2.2    0.0    8.6   29.5  00:52     97;072f556884c6c03a2b380bc5db9ed2760077f471d2c2e602e49a51a381661f15
2026-08-04;04;21.3;23.3;15:31;19.8;00:00;0.0;3.0;0.0;6.6;24.5;06:10;58; 04   21.3   23.3  15:31   19.8  00:00    0.0    3.0    0.0    6.6   24.5  06:10     58;072f556884c6c03a2b380bc5db9ed2760077f471d2c2e602e49a51a381661f15
2026-08-05;05;22.7;27.2;14:36;17.8;23:36;0.0;4.3;1.5;9.8;36.7;12:08;333; 05   22.7   27.2  14:36   17.8  23:36    0.0    4.3    1.5    9.8   36.7  12:08    333;072f556884c6c03a2b380bc5db9ed2760077f471d2c2e602e49a51a381661f15
2026-08-06;06;22.0;26.3;13:49;17.0;00:38;0.0;3.7;1.2;16.6;47.9;08:13;338; 06   22.0   26.3  13:49   17.0  00:38    0.0    3.7    1.2   16.6   47.9  08:13    338;072f556884c6c03a2b380bc5db9ed2760077f471d2c2e602e49a51a381661f15
2026-08-07;07;20.2;23.5;03:12;16.5;20:55;0.0;1.8;13.2;18.3;62.3;06:51;320; 07   20.2   23.5  03:12   16.5  20:55    0.0    1.8   13.2   18.3   62.3  06:51    320;072f556884c6c03a2b380bc5db9ed2760077f471d2c2e602e49a51a381661f15
2026-08-08;08;22.7;27.6;15:25;16.0;00:27;0.0;4.3;4.8;11.4;42.8;13:50;326; 08   22.7   27.6  15:25   16.0  00:27    0.0    4.3    4.8   11.4   42.8  13:50    326;072f556884c6c03a2b380bc5db9ed2760077f471d2c2e602e49a51a381661f15
2026-08-09;09;23.9;29.3;14:55;15.6;22:15;0.0;5.5;0.0;15.4;47.9;20:20;307; 09   23.9   29.3  14:55   15.6  22:15    0.0    5.5    0.0   15.4   47.9  20:20    307;072f556884c6c03a2b380bc5db9ed2760077f471d2c2e602e49a51a381661f15
2026-08-10;10;15.3;20.6;13:21;11.6;22:57;3.1;0.0;0.0;13.3;40.3;18:51;166; 10   15.3   20.6  13:21   11.6  22:57    3.1    0.0    0.0   13.3   40.3  18:51    166;072f556884c6c03a2b380bc5db9ed2760077f471d2c2e602e49a51a381661f15
2026-08-11;11;14.8;20.8;15:29;11.3;03:55;3.5;0.0;0.0;16.2;39.2;05:11;168; 11   14.8   20.8  15:29   11.3  03:55    3.5    0.0    0.0   16.2   39.2  05:11    168;072f556884c6c03a2b380bc5db9ed2760077f471d2c2e602e49a51a381661f15
2026-08-12;12;19.1;27.4;14:33;12.6;05:26;0.0;0.8;0.0;6.6;20.9;14:18;133; 12   19.1   27.4  14:33   12.6  05:26    0.0    0.8    0.0    6.6   20.9  14:18    133;072f556884c6c03a2b380bc5db9ed2760077f471d2c2e602e49a51a381661f15
2026-08-13;13;24.8;29.2;15:07;22.1;01:30;0.0;6.5;0.0;12.3;39.2;07:35;316; 13   24.8   29.2  15:07   22.1  01:30    0.0    6.5    0.0   12.3   39.2  07:35    316;072f556884c6c03a2b380bc5db9ed2760077f471d2c2e602e49a51a381661f15
2026-08-14;14;23.7;27.5;15:07;20.4;23:14;0.0;5.4;0.0;7.4;28.1;19:00;228; 14   23.7   27.5  15:07   20.4  23:14    0.0    5.4    0.0    7.4   28.1  19:00    228;072f556884c6c03a2b380bc5db9ed2760077f471d2c2e602e49a51a381661f15
2026-08-15;15;19.9;24.5;15:47;15.8;08:29;0.0;1.6;0.0;13.4;35.6;12:45;136; 15   19.9   24.5  15:47   15.8  08:29    0.0    1.6    0.0   13.4   35.6  12:45    136;072f556884c6c03a2b380bc5db9ed2760077f471d2c2e602e49a51a381661f15
2026-08-16;16;22.1;26.9;14:29;16.2;03:50;0.0;3.7;0.0;10.6;28.1;13:40;97; 16   22.1   26.9  14:29   16.2  03:50    0.0    3.7    0.0   10.6   28.1  13:40     97;072f556884c6c03a2b380bc5db9ed2760077f471d2c2e602e49a51a381661f15
2026-08-17;17;25.3;28.6;15:29;21.4;06:15;0.0;6.9;0.0;10.6;35.6;03:58;40; 17   25.3   28.6  15:29   21.4  06:15    0.0    6.9    0.0   10.6   35.6  03:58     40;072f556884c6c03a2b380bc5db9ed2760077f471d2c2e602e49a51a381661f15
2026-08-18;18;24.4;27.6;14:46;21.6;06:29;0.0;6.1;0.0;6.6;39.2;02:55;29; 18   24.4   27.6  14:46   21.6  06:29    0.0    6.1    0.0    6.6   39.2  02:55     29;072f556884c6c03a2b380bc5db9ed2760077f471d2c2e602e49a51a381661f15
2026-08-19;19;25.3;28.8;13:46;22.8;06:24;0.0;7.0;0.0;6.7;22.0;12:51;109; 19   25.3   28.8  13:46   22.8  06:24    0.0    7.0    0.0    6.7   22.0  12:51    109;072f556884c6c03a2b380bc5db9ed2760077f471d2c2e602e49a51a381661f15
2026-08-20;20;24.9;30.8;14:50;18.6;05:09;0.0;6.5;0.0;11.7;31.7;15:35;341; 20   24.9   30.8  14:50   18.6  05:09    0.0    6.5    0.0   11.7   31.7  15:35    341;072f556884c6c03a2b380bc5db9ed2760077f471d2c2e602e49a51a381661f15
2026-08-21;21;19.5;24.1;14:04;15.5;00:00;0.0;1.2;0.0;14.1;42.8;20:53;288; 21   19.5   24.1  14:04   15.5  00:00    0.0    1.2    0.0   14.1   42.8  20:53    288;072f556884c6c03a2b380bc5db9ed2760077f471d2c2e602e49a51a381661f15
2026-08-22;22;16.3;21.8;15:33;10.9;06:04;2.0;0.0;0.0;10.6;31.7;05:03;182; 22   16.3   21.8  15:33   10.9  06:04    2.0    0.0    0.0   10.6   31.7  05:03    182;072f556884c6c03a2b380bc5db9ed2760077f471d2c2e602e49a51a381661f15
2026-08-23;23;15.8;22.0;14:59;10.9;06:02;2.5;0.0;0.0;8.7;35.6;21:08;174; 23   15.8   22.0  14:59   10.9  06:02    2.5    0.0    0.0    8.7   35.6  21:08    174;072f556884c6c03a2b380bc5db9ed2760077f471d2c2e602e49a51a381661f15
2026-08-24;24;15.6;22.7;15:21;11.6;05:54;2.7;0.0;0.0;12.7;31.7;04:55;156; 24   15.6   22.7  15:21   11.6  05:54    2.7    0.0    0.0   12.7   31.7  04:55    156;072f556884c6c03a2b380bc5db9ed2760077f471d2c2e602e49a51a381661f15
2026-08-25;25;15.1;20.3;11:21;11.7;03:34;3.2;0.0;0.0;7.8;33.1;18:57;212; 25   15.1   20.3  11:21   11.7  03:34    3.2    0.0    0.0    7.8   33.1  18:57    212;072f556884c6c03a2b380bc5db9ed2760077f471d2c2e602e49a51a381661f15
2026-08-26;26;16.3;19.1;01:08;14.3;03:55;2.0;0.0;7.5;10.0;46.4;11:57;300; 26   16.3   19.1  01:08   14.3  03:55    2.0    0.0    7.5   10.0   46.4  11:57    300;072f556884c6c03a2b380bc5db9ed2760077f471d2c2e602e49a51a381661f15
2026-08-27;27;20.3;24.8;13:33;15.1;02:04;0.0;2.0;0.9;9.3;35.6;11:55;62; 27   20.3   24.8  13:33   15.1  02:04    0.0    2.0    0.9    9.3   35.6  11:55     62;072f556884c6c03a2b380bc5db9ed2760077f471d2c2e602e49a51a381661f15
2026-08-28;28;26.1;30.3;13:31;21.4;04:19;0.0;7.7;0.0;10.2;29.5;13:44;349; 28   26.1   30.3  13:31   21.4  04:19    0.0    7.7    0.0   10.2   29.5  13:44    349;072f556884c6c03a2b380bc5db9ed2760077f471d2c2e602e49a51a381661f15
2026-08-29;29;27.6;31.2;14:42;24.3;10:03;0.0;9.3;0.0;12.9;57.6;08:23;321; 29   27.6   31.2  14:42   24.3  10:03    0.0    9.3    0.0   12.9   57.6  08:23    321;072f556884c6c03a2b380bc5db9ed2760077f471d2c2e602e49a51a381661f15
2026-08-30;30;25.6;31.3;13:37;17.0;21:06;0.0;7.3;0.0;8.9;46.4;20:23;252; 30   25.6   31.3  13:37   17.0  21:06    0.0    7.3    0.0    8.9   46.4  20:23    252;072f556884c6c03a2b380bc5db9ed2760077f471d2c2e602e49a51a381661f15
2026-08-31;31;24.4;31.3;15:04;16.2;04:00;0.0;6.1;1.5;12.2;58.7;03:37;9; 31   24.4   31.3  15:04   16.2  04:00    0.0    6.1    1.5   12.2   58.7  03:37      9;072f556884c6c03a2b380bc5db9ed2760077f471d2c2e602e49a51a381661f15
2026-09-01;01;18.0;27.4;00:00;16.9;05:01;0.3;0.0;34.5;17.3;68.4;14:04;299; 01   18.0   27.4  00:00   16.9  05:01    0.3    0.0   34.5   17.3   68.4  14:04    299;50b58db63648f0e10936327ca700d3125bc85b3443a8b3593ba4439529da43e7
2026-09-02;02;16.0;20.7;14:20;12.1;07:35;2.3;0.0;2.7;12.7;42.8;21:03;146; 02   16.0   20.7  14:20   12.1  07:35    2.3    0.0    2.7   12.7   42.8  21:03    146;50b58db63648f0e10936327ca700d3125bc85b3443a8b3593ba4439529da43e7
2026-09-03;03;20.1;27.1;16:03;13.6;04:20;0.0;1.7;0.0;9.5;29.5;12:23;4; 03   20.1   27.1  16:03   13.6  04:20    0.0    1.7    0.0    9.5   29.5  12:23      4;50b58db63648f0e10936327ca700d3125bc85b3443a8b3593ba4439529da43e7
2026-09-04;04;23.7;30.1;15:19;18.0;20:17;0.0;5.4;2.1;8.0;58.7;20:08;315; 04   23.7   30.1  15:19   18.0  20:17    0.0    5.4    2.1    8.0   58.7  20:08    315;50b58db63648f0e10936327ca700d3125bc85b3443a8b3593ba4439529da43e7
2026-09-05;05;19.2;25.0;08:10;16.4;14:52;0.0;0.9;12.3;8.5;51.5;11:33;23; 05   19.2   25.0  08:10   16.4  14:52    0.0    0.9   12.3    8.5   51.5  11:33     23;50b58db63648f0e10936327ca700d3125bc85b3443a8b3593ba4439529da43e7
2026-09-06;06;12.1;17.2;00:54;9.9;23:48;6.2;0.0;12.3;16.7;40.3;18:09;165; 06   12.1   17.2  00:54    9.9  23:48    6.2    0.0   12.3   16.7   40.3  18:09    165;50b58db63648f0e10936327ca700d3125bc85b3443a8b3593ba4439529da43e7
2026-09-07;07;10.6;12.6;13:10;8.6;05:12;7.7;0.0;0.3;17.9;40.3;01:26;146; 07   10.6   12.6  13:10    8.6  05:12    7.7    0.0    0.3   17.9   40.3  01:26    146;50b58db63648f0e10936327ca700d3125bc85b3443a8b3593ba4439529da43e7
2026-09-08;08;15.5;18.8;20:46;11.1;04:34;2.8;0.0;0.0;6.8;20.9;06:37;115; 08   15.5   18.8  20:46   11.1  04:34    2.8    0.0    0.0    6.8   20.9  06:37    115;50b58db63648f0e10936327ca700d3125bc85b3443a8b3593ba4439529da43e7
2026-09-09;09;19.4;21.5;23:24;18.1;15:18;0.0;1.1;12.9;10.0;40.3;17:00;337; 09   19.4   21.5  23:24   18.1  15:18    0.0    1.1   12.9   10.0   40.3  17:00    337;50b58db63648f0e10936327ca700d3125bc85b3443a8b3593ba4439529da43e7
2026-09-10;10;18.4;22.6;10:53;15.2;14:06;0.0;0.1;23.7;13.5;69.8;12:49;48; 10   18.4   22.6  10:53   15.2  14:06    0.0    0.1   23.7   13.5   69.8  12:49     48;50b58db63648f0e10936327ca700d3125bc85b3443a8b3593ba4439529da43e7
2026-09-11;11;21.9;27.1;15:49;15.6;01:47;0.0;3.5;19.8;15.1;55.1;01:27;24; 11   21.9   27.1  15:49   15.6  01:47    0.0    3.5   19.8   15.1   55.1  01:27     24;50b58db63648f0e10936327ca700d3125bc85b3443a8b3593ba4439529da43e7
2026-09-12;12;18.5;26.6;00:42;15.8;04:59;0.0;0.1;26.7;7.5;57.6;02:19;312; 12   18.5   26.6  00:42   15.8  04:59    0.0    0.1   26.7    7.5   57.6  02:19    312;50b58db63648f0e10936327ca700d3125bc85b3443a8b3593ba4439529da43e7
2026-09-13;13;14.5;17.2;00:00;12.9;21:40;3.8;0.0;11.4;11.6;33.1;22:33;178; 13   14.5   17.2  00:00   12.9  21:40    3.8    0.0   11.4   11.6   33.1  22:33    178;50b58db63648f0e10936327ca700d3125bc85b3443a8b3593ba4439529da43e7
2026-09-14;14;13.3;14.7;23:23;12.8;04:05;5.0;0.0;37.5;8.8;29.5;02:34;146; 14   13.3   14.7  23:23   12.8  04:05    5.0    0.0   37.5    8.8   29.5  02:34    146;50b58db63648f0e10936327ca700d3125bc85b3443a8b3593ba4439529da43e7
2026-09-15;15;14.4;17.6;13:10;12.7;05:38;3.9;0.0;2.4;6.0;33.1;00:12;269; 15   14.4   17.6  13:10   12.7  05:38    3.9    0.0    2.4    6.0   33.1  00:12    269;50b58db63648f0e10936327ca700d3125bc85b3443a8b3593ba4439529da43e7
2026-09-16;16;15.3;19.8;15:08;10.8;07:08;3.1;0.0;0.0;13.7;36.7;19:39;161; 16   15.3   19.8  15:08   10.8  07:08    3.1    0.0    0.0   13.7   36.7  19:39    161;50b58db63648f0e10936327ca700d3125bc85b3443a8b3593ba4439529da43e7
2026-09-17;17;15.6;22.8;15:27;11.7;03:57;2.7;0.0;0.0;13.9;36.7;02:05;152; 17   15.6   22.8  15:27   11.7  03:57    2.7    0.0    0.0   13.9   36.7  02:05    152;50b58db63648f0e10936327ca700d3125bc85b3443a8b3593ba4439529da43e7
2026-09-18;18;17.7;24.3;15:04;13.1;02:15;0.6;0.0;0.0;10.8;35.6;20:29;158; 18   17.7   24.3  15:04   13.1  02:15    0.6    0.0    0.0   10.8   35.6  20:29    158;50b58db63648f0e10936327ca700d3125bc85b3443a8b3593ba4439529da43e7
2026-09-19;19;20.5;27.4;14:19;15.0;04:39;0.0;2.2;0.3;10.1;35.6;22:13;98; 19   20.5   27.4  14:19   15.0  04:39    0.0    2.2    0.3   10.1   35.6  22:13     98;50b58db63648f0e10936327ca700d3125bc85b3443a8b3593ba4439529da43e7
2026-09-20;20;18.0;20.9;21:34;16.7;03:37;0.3;0.0;19.5;7.9;54.0;00:40;41; 20   18.0   20.9  21:34   16.7  03:37    0.3    0.0   19.5    7.9   54.0  00:40     41;50b58db63648f0e10936327ca700d3125bc85b3443a8b3593ba4439529da43e7
2026-09-21;21;24.1;28.2;12:00;19.2;00:21;0.0;5.8;0.0;14.7;51.5;02:33;4; 21   24.1   28.2  12:00   19.2  00:21    0.0    5.8    0.0   14.7   51.5  02:33      4;50b58db63648f0e10936327ca700d3125bc85b3443a8b3593ba4439529da43e7
2026-09-22;22;18.3;25.3;02:12;16.0;06:32;0.1;0.0;34.5;11.1;50.0;02:27;309; 22   18.3   25.3  02:12   16.0  06:32    0.1    0.0   34.5   11.1   50.0  02:27    309;50b58db63648f0e10936327ca700d3125bc85b3443a8b3593ba4439529da43e7
2026-09-23;23;14.3;16.8;00:00;12.2;10:33;4.1;0.0;2.1;13.1;33.1;07:35;144; 23   14.3   16.8  00:00   12.2  10:33    4.1    0.0    2.1   13.1   33.1  07:35    144;50b58db63648f0e10936327ca700d3125bc85b3443a8b3593ba4439529da43e7
2026-09-24;24;17.2;23.5;15:14;11.9;04:59;1.1;0.0;0.0;8.0;24.5;19:50;163; 24   17.2   23.5  15:14   11.9  04:59    1.1    0.0    0.0    8.0   24.5  19:50    163;50b58db63648f0e10936327ca700d3125bc85b3443a8b3593ba4439529da43e7
2026-09-25;25;20.9;27.0;14:48;14.3;02:22;0.0;2.5;0.0;6.0;20.9;00:36;166; 25   20.9   27.0  14:48   14.3  02:22    0.0    2.5    0.0    6.0   20.9  00:36    166;50b58db63648f0e10936327ca700d3125bc85b3443a8b3593ba4439529da43e7
2026-09-26;26;23.7;25.5;08:47;22.7;02:55;0.0;5.4;0.0;6.8;18.4;01:37;86; 26   23.7   25.5  08:47   22.7  02:55    0.0    5.4    0.0    6.8   18.4  01:37     86;50b58db63648f0e10936327ca700d3125bc85b3443a8b3593ba4439529da43e7
